{
    "auxiliary_fan": "1",
    "bbl_calib_mark_logo": "1",
    "bed_custom_model": "",
    "bed_custom_texture": "",
    "bed_exclude_area": [
        "0x0"
    ],
    "before_layer_change_gcode": ";BEFORE_LAYER_CHANGE\nG92 E0\n;[layer_z]\n\n",
    "change_filament_gcode": "",
    "default_filament_profile": [
        "Elegoo Generic PLA"
    ],
    "default_print_profile": "0.20mm Standard @Elegoo Neptune3Pro",
    "deretraction_speed": [
        "0"
    ],
    "extruder_clearance_height_to_lid": "34",
    "extruder_clearance_height_to_rod": "34",
    "extruder_clearance_radius": "47",
    "extruder_colour": [
        "#FCE94F"
    ],
    "extruder_offset": [
        "0x0"
    ],
    "fan_kickstart": "0",
    "fan_speedup_overhangs": "1",
    "fan_speedup_time": "0",
    "from": "",
    "gcode_flavor": "marlin",
    "host_type": "octoprint",
    "inherits": "Elegoo Neptune 3 Pro 0.4 nozzle",
    "layer_change_gcode": ";AFTER_LAYER_CHANGE\n;[layer_z]",
    "machine_end_gcode": "G91 ;Relative positionning\nG1 E-2 F2700 ;Retract a bit\nG1 E-2 Z0.2 F1600 ;Retract and raise Z\nG1 X5 Y5 F3000 ;Wipe out\nG1 Z10 ;Raise Z more\nG90 ;Absolute positionning\nG1 X0 Y{machine_depth} ;Present print\nM106 S0 ;Turn-off fan\nM104 S0 ;Turn-off hotend\nM140 S0 ;Turn-off bed\nM84 X Y E ;Disable all steppers but Z",
    "machine_load_filament_time": "0",
    "machine_max_acceleration_e": [
        "50000",
        "5000"
    ],
    "machine_max_acceleration_extruding": [
        "5000",
        "500"
    ],
    "machine_max_acceleration_retracting": [
        "10000",
        "1000"
    ],
    "machine_max_acceleration_travel": [
        "500",
        "500"
    ],
    "machine_max_acceleration_x": [
        "5000",
        "500"
    ],
    "machine_max_acceleration_y": [
        "5000",
        "500"
    ],
    "machine_max_acceleration_z": [
        "1000",
        "100"
    ],
    "machine_max_jerk_e": [
        "5",
        "5"
    ],
    "machine_max_jerk_x": [
        "8",
        "8"
    ],
    "machine_max_jerk_y": [
        "8",
        "8"
    ],
    "machine_max_jerk_z": [
        "0.4",
        "0.4"
    ],
    "machine_max_speed_e": [
        "600",
        "60"
    ],
    "machine_max_speed_x": [
        "5000",
        "500"
    ],
    "machine_max_speed_y": [
        "5000",
        "500"
    ],
    "machine_max_speed_z": [
        "100",
        "10"
    ],
    "machine_min_extruding_rate": [
        "0",
        "0"
    ],
    "machine_min_travel_rate": [
        "0",
        "0"
    ],
    "machine_pause_gcode": "M0",
    "machine_start_gcode": "G28 ;home\nG92 E0 ;Reset Extruder\nG1 Z4.0 F3000 ;Move Z Axis up\nG92 E0 ;Reset Extruder\nG1 X1.1 Y20 Z0.28 F5000.0 ;Move to start position\nG1 X1.1 Y80.0 Z0.28 F1500.0 E10 ;Draw the first line\nG1 X1.4 Y80.0 Z0.28 F5000.0 ;Move to side a little\nG1 X1.4 Y20 Z0.28 F1500.0 E20 ;Draw the second line\nG92 E0 ;Reset Extruder\nG1 Z2.0 F3000 ;Move Z Axis up",
    "machine_unload_filament_time": "0",
    "max_layer_height": [
        "0.32"
    ],
    "min_layer_height": [
        "0.08"
    ],
    "name": "Elegoo Neptune 4 Pro 0.4 nozzle",
    "nozzle_diameter": [
        "0.4"
    ],
    "nozzle_hrc": "0",
    "nozzle_type": "hardened_steel",
    "nozzle_volume": "0",
    "print_host": "",
    "print_host_webui": "",
    "printable_area": [
        "0x0",
        "225x0",
        "225x225",
        "0x225"
    ],
    "printable_height": "280",
    "printer_model": "Elegoo Neptune 3 Pro",
    "printer_settings_id": "Elegoo Neptune 4 Pro 0.4 nozzle",
    "printer_technology": "FFF",
    "printer_variant": "0.4",
    "printhost_apikey": "",
    "printhost_authorization_type": "key",
    "printhost_cafile": "",
    "printhost_password": "",
    "printhost_port": "",
    "printhost_ssl_ignore_revoke": "0",
    "printhost_user": "",
    "retract_before_wipe": [
        "0%"
    ],
    "retract_length_toolchange": [
        "2"
    ],
    "retract_lift_above": [
        "0"
    ],
    "retract_lift_below": [
        "0"
    ],
    "retract_lift_enforce": [
        "All Surfaces"
    ],
    "retract_restart_extra": [
        "0"
    ],
    "retract_restart_extra_toolchange": [
        "0"
    ],
    "retract_when_changing_layer": [
        "1"
    ],
    "retraction_length": [
        "0.75"
    ],
    "retraction_minimum_travel": [
        "1"
    ],
    "retraction_speed": [
        "25"
    ],
    "scan_first_layer": "0",
    "silent_mode": "0",
    "single_extruder_multi_material": "0",
    "template_custom_gcode": "",
    "thumbnails": [
        "300x300"
    ],
    "upward_compatible_machine": [],
    "use_firmware_retraction": "0",
    "use_relative_e_distances": "1",
    "version": "1.1.0.0",
    "wipe": [
        "1"
    ],
    "wipe_distance": [
        "1"
    ],
    "z_hop": [
        "0.4"
    ],
    "z_hop_types": [
        "Normal Lift"
    ]
}
